{"cameraMode":{"drawMode":0,"name":"Shaded","section":"Shading Mode"},"sceneLighting":true,"audioPlay":false,"sceneViewState":{"m_AlwaysRefresh":false,"showFog":true,"showSkybox":true,"showFlares":true,"showImageEffects":true,"showParticleSystems":true,"showVisualEffectGraphs":true,"m_FxEnabled":true},"in2DMode":false,"pivot":{"x":-0.9161831736564636,"y":0.8962879180908203,"z":2.7473859786987306},"rotation":{"x":0.08509819954633713,"y":0.9126310348510742,"z":-0.24699608981609345,"w":0.3144375681877136},"size":1.5487518310546876,"orthographic":false}